{"name":"d7e9c1fe-3227-4d39-a3e2-a8d4aa7b6aea","id":"/providers/Microsoft.Flow/flows/d7e9c1fe-3227-4d39-a3e2-a8d4aa7b6aea","type":"Microsoft.Flow/flows","properties":{"apiId":"/providers/Microsoft.PowerApps/apis/shared_logicflows","displayName":"Case Activity Report v2","definition":{"metadata":{"workflowEntityId":null,"processAdvisorMetadata":null,"flowclientsuspensionreason":"None","flowclientsuspensiontime":null,"creator":{"id":"95afe302-3734-4f9e-a693-d47ed93a6a43","type":"User","tenantId":"15bda523-8aac-4b99-a59e-24a0ba88c2a5"},"provisioningMethod":"FromDefinition","failureAlertSubscription":true,"clientLastModifiedTime":"2021-08-15T05:41:36.9539982Z"},"$schema":"https://schema.management.azure.com/providers/Microsoft.Logic/schemas/2016-06-01/workflowdefinition.json#","contentVersion":"1.0.0.0","parameters":{"$connections":{"defaultValue":{},"type":"Object"},"$authentication":{"defaultValue":{},"type":"SecureObject"}},"triggers":{"manual":{"splitOn":"@triggerBody()['rows']","type":"Request","kind":"ApiConnection","inputs":{"schema":{"type":"object","properties":{"rows":{"type":"array","items":{"type":"object","properties":{"entity":{"type":"object","properties":{"incidentid":{"title":"Case","type":"string","format":"guid"}},"required":["incidentid"]}},"required":["entity"]}}},"required":["rows"]},"host":{"api":{"runtimeUrl":"https://australia-001.azure-apim.net/apim/commondataservice"},"connection":{"name":"@parameters('$connections')['shared_commondataservice_1']['connectionId']"}},"operationId":"GetOnNewItems_V2","parameters":{"dataset":"default.cds","table":"incidents"}}}},"actions":{"Initialize_incidentid":{"runAfter":{},"type":"InitializeVariable","inputs":{"variables":[{"name":"incidentid","type":"string","value":"@triggerBody()?['entity']?['incidentid']"}]}},"Skip":{"actions":{},"runAfter":{"Related_Email":["Succeeded"]},"expression":{"equals":[1,1]},"type":"If"},"Initialize_EmailAttachmentFileList":{"runAfter":{"Initialize_incidentid":["Succeeded"]},"type":"InitializeVariable","inputs":{"variables":[{"name":"EmailAttachmentFileList","type":"array"}]}},"Selected_Case":{"actions":{"Get_Case_Details":{"runAfter":{},"type":"OpenApiConnection","inputs":{"host":{"apiId":"/providers/Microsoft.PowerApps/apis/shared_commondataserviceforapps","connectionName":"shared_commondataserviceforapps_1","operationId":"GetItem"},"parameters":{"entityName":"incidents","recordId":"@variables('incidentid')"},"authentication":"@parameters('$authentication')"}},"Create_item_for_case":{"runAfter":{"[DEBUG]_incidentid_and_title_check":["Succeeded"]},"type":"OpenApiConnection","inputs":{"host":{"apiId":"/providers/Microsoft.PowerApps/apis/shared_sharepointonline","connectionName":"shared_sharepointonline_1","operationId":"PostItem"},"parameters":{"dataset":"https://woongdev.sharepoint.com/sites/DEVCaseActivityExport","table":"6bfe7c20-aa2d-488e-a3b4-bf65baf5de9f","item/Title":"@guid()","item/incidentid":"@outputs('Get_Case_Details')?['body/incidentid']","item/incidenttitle":"@outputs('Get_Case_Details')?['body/title']","item/Description":"@outputs('Get_Case_Details')?['body/description']","item/TicketNumber":"@outputs('Get_Case_Details')?['body/ticketnumber']"},"authentication":{"value":"@json(decodeBase64(triggerOutputs().headers['X-MS-APIM-Tokens']))['$ConnectionKey']","type":"Raw"}}},"[DEBUG]_incidentid_and_title_check":{"runAfter":{"Get_Case_Details":["Succeeded"]},"type":"Compose","inputs":"@{variables('incidentid')}\n@{outputs('Get_Case_Details')?['body/title']}"}},"runAfter":{"Initialize_EmailAttachmentFileList":["Succeeded"]},"type":"Scope"},"Related_Task":{"actions":{"List_Tasks_related_to_the_case":{"runAfter":{},"type":"OpenApiConnection","inputs":{"host":{"apiId":"/providers/Microsoft.PowerApps/apis/shared_commondataserviceforapps","connectionName":"shared_commondataserviceforapps_1","operationId":"ListRecords"},"parameters":{"entityName":"tasks","$filter":"_regardingobjectid_value eq '@{variables('incidentid')}'"},"authentication":"@parameters('$authentication')"}},"Apply_to_each_Task":{"foreach":"@outputs('List_Tasks_related_to_the_case')?['body/value']","actions":{"Create_item_for_Task":{"runAfter":{},"type":"OpenApiConnection","inputs":{"host":{"apiId":"/providers/Microsoft.PowerApps/apis/shared_sharepointonline","connectionName":"shared_sharepointonline_1","operationId":"PostItem"},"parameters":{"dataset":"https://woongdev.sharepoint.com/sites/DEVCaseActivityExport","table":"7fbf6625-5fb3-48e2-8c51-deeed646bd51","item/Title":"@guid()","item/activityid":"@items('Apply_to_each_Task')?['activityid']","item/CaseTitle":"@outputs('Get_Case_Details')?['body/title']","item/CaseNumber":"@outputs('Get_Case_Details')?['body/ticketnumber']","item/ActivityType":"@items('Apply_to_each_Task')?['activitytypecode']","item/Description":"Subject: @{items('Apply_to_each_Task')?['subject']}\nDescription: @{items('Apply_to_each_Task')?['description']}","item/CreatedDate":"@items('Apply_to_each_Task')?['createdon']"},"authentication":{"value":"@json(decodeBase64(triggerOutputs().headers['X-MS-APIM-Tokens']))['$ConnectionKey']","type":"Raw"}}}},"runAfter":{"List_Tasks_related_to_the_case":["Succeeded"]},"type":"Foreach"}},"runAfter":{"Related_Phone_Calls":["Succeeded"]},"type":"Scope"},"Related_Appointments":{"actions":{"List_Appointments_related_to_the_case":{"runAfter":{},"type":"OpenApiConnection","inputs":{"host":{"apiId":"/providers/Microsoft.PowerApps/apis/shared_commondataserviceforapps","connectionName":"shared_commondataserviceforapps_1","operationId":"ListRecords"},"parameters":{"entityName":"appointments","$filter":"_regardingobjectid_value eq '@{variables('incidentid')}'"},"authentication":"@parameters('$authentication')"}},"Apply_to_each_Appointment":{"foreach":"@outputs('List_Appointments_related_to_the_case')?['body/value']","actions":{"Create_item_for_Appointment":{"runAfter":{},"type":"OpenApiConnection","inputs":{"host":{"apiId":"/providers/Microsoft.PowerApps/apis/shared_sharepointonline","connectionName":"shared_sharepointonline_1","operationId":"PostItem"},"parameters":{"dataset":"https://woongdev.sharepoint.com/sites/DEVCaseActivityExport","table":"7fbf6625-5fb3-48e2-8c51-deeed646bd51","item/Title":"@guid()","item/activityid":"@items('Apply_to_each_Appointment')?['activityid']","item/CaseTitle":"@outputs('Get_Case_Details')?['body/title']","item/CaseNumber":"@outputs('Get_Case_Details')?['body/ticketnumber']","item/ActivityType":"@items('Apply_to_each_Appointment')?['activitytypecode']","item/Description":"Subject: @{items('Apply_to_each_Appointment')?['subject']}\nDescription: @{items('Apply_to_each_Appointment')?['description']}","item/CreatedDate":"@items('Apply_to_each_Appointment')?['createdon']"},"authentication":{"value":"@json(decodeBase64(triggerOutputs().headers['X-MS-APIM-Tokens']))['$ConnectionKey']","type":"Raw"}}}},"runAfter":{"List_Appointments_related_to_the_case":["Succeeded"]},"type":"Foreach"}},"runAfter":{"Selected_Case":["Succeeded"]},"type":"Scope"},"Related_Phone_Calls":{"actions":{"List_Phone_Calls_related_to_the_case":{"runAfter":{},"type":"OpenApiConnection","inputs":{"host":{"apiId":"/providers/Microsoft.PowerApps/apis/shared_commondataserviceforapps","connectionName":"shared_commondataserviceforapps_1","operationId":"ListRecords"},"parameters":{"entityName":"phonecalls","$filter":"_regardingobjectid_value eq '@{variables('incidentid')}'"},"authentication":"@parameters('$authentication')"}},"Apply_to_each_Phone_Call":{"foreach":"@outputs('List_Phone_Calls_related_to_the_case')?['body/value']","actions":{"Create_item_for_Phone_Call":{"runAfter":{},"type":"OpenApiConnection","inputs":{"host":{"apiId":"/providers/Microsoft.PowerApps/apis/shared_sharepointonline","connectionName":"shared_sharepointonline_1","operationId":"PostItem"},"parameters":{"dataset":"https://woongdev.sharepoint.com/sites/DEVCaseActivityExport","table":"7fbf6625-5fb3-48e2-8c51-deeed646bd51","item/Title":"@guid()","item/activityid":"@items('Apply_to_each_Phone_Call')?['activityid']","item/CaseTitle":"@outputs('Get_Case_Details')?['body/title']","item/CaseNumber":"@outputs('Get_Case_Details')?['body/ticketnumber']","item/ActivityType":"@items('Apply_to_each_Phone_Call')?['activitytypecode']","item/Description":"Subject: @{items('Apply_to_each_Phone_Call')?['subject']}\nDescription: @{items('Apply_to_each_Phone_Call')?['description']}","item/CreatedDate":"@items('Apply_to_each_Phone_Call')?['createdon']"},"authentication":{"value":"@json(decodeBase64(triggerOutputs().headers['X-MS-APIM-Tokens']))['$ConnectionKey']","type":"Raw"}}}},"runAfter":{"List_Phone_Calls_related_to_the_case":["Succeeded"]},"type":"Foreach"}},"runAfter":{"Related_Appointments":["Succeeded"]},"type":"Scope"},"Related_Note":{"actions":{"List_Notes_related_to_the_case":{"runAfter":{},"type":"OpenApiConnection","inputs":{"host":{"apiId":"/providers/Microsoft.PowerApps/apis/shared_commondataserviceforapps","connectionName":"shared_commondataserviceforapps_1","operationId":"ListRecords"},"parameters":{"entityName":"annotations","$filter":"_objectid_value eq '@{variables('incidentid')}'"},"authentication":"@parameters('$authentication')"}},"Apply_to_each_Note":{"foreach":"@outputs('List_Notes_related_to_the_case')?['body/value']","actions":{"Create_item_for_note":{"runAfter":{"Html_to_text_for_note":["Succeeded"]},"type":"OpenApiConnection","inputs":{"host":{"apiId":"/providers/Microsoft.PowerApps/apis/shared_sharepointonline","connectionName":"shared_sharepointonline_1","operationId":"PostItem"},"parameters":{"dataset":"https://woongdev.sharepoint.com/sites/DEVCaseActivityExport","table":"7fbf6625-5fb3-48e2-8c51-deeed646bd51","item/Title":"@guid()","item/activityid":"@items('Apply_to_each_Note')?['annotationid']","item/CaseTitle":"@outputs('Get_Case_Details')?['body/title']","item/CaseNumber":"@outputs('Get_Case_Details')?['body/ticketnumber']","item/ActivityType":"note","item/Description":"@outputs('Html_to_text_for_note')?['body']","item/AttachmentFileName":"@items('Apply_to_each_Note')?['filename']","item/CreatedDate":"@items('Apply_to_each_Note')?['createdon']"},"authentication":{"value":"@json(decodeBase64(triggerOutputs().headers['X-MS-APIM-Tokens']))['$ConnectionKey']","type":"Raw"}}},"Note_have_attachment_item":{"actions":{},"runAfter":{"Create_item_for_note":["Succeeded"]},"else":{"actions":{"Create_file_for_note":{"runAfter":{},"type":"OpenApiConnection","inputs":{"host":{"apiId":"/providers/Microsoft.PowerApps/apis/shared_sharepointonline","connectionName":"shared_sharepointonline_1","operationId":"CreateFile"},"parameters":{"dataset":"https://woongdev.sharepoint.com/sites/DEVCaseActivityExport","folderPath":"/ExportedFiles/@{variables('incidentid')}","name":"@items('Apply_to_each_Note')?['filename']","body":"@base64ToBinary(items('Apply_to_each_Note')?['documentbody'])"},"authentication":{"value":"@json(decodeBase64(triggerOutputs().headers['X-MS-APIM-Tokens']))['$ConnectionKey']","type":"Raw"}},"runtimeConfiguration":{"contentTransfer":{"transferMode":"Chunked"}}}}},"expression":{"equals":["@items('Apply_to_each_Note')?['documentbody']","@null"]},"type":"If"},"Html_to_text_for_note":{"runAfter":{},"type":"OpenApiConnection","inputs":{"host":{"apiId":"/providers/Microsoft.PowerApps/apis/shared_conversionservice","connectionName":"shared_conversionservice","operationId":"HtmlToText"},"parameters":{"Content":"@items('Apply_to_each_Note')?['notetext']"},"authentication":{"value":"@json(decodeBase64(triggerOutputs().headers['X-MS-APIM-Tokens']))['$ConnectionKey']","type":"Raw"}}}},"runAfter":{"List_Notes_related_to_the_case":["Succeeded"]},"type":"Foreach"}},"runAfter":{"Related_Task":["Succeeded"]},"type":"Scope"},"Related_Email":{"actions":{"List_Emails_related_to_the_case":{"runAfter":{},"type":"OpenApiConnection","inputs":{"host":{"apiId":"/providers/Microsoft.PowerApps/apis/shared_commondataserviceforapps","connectionName":"shared_commondataserviceforapps_1","operationId":"ListRecords"},"parameters":{"entityName":"emails","$filter":"_regardingobjectid_value eq '@{variables('incidentid')}'"},"authentication":"@parameters('$authentication')"}},"Apply_to_each_email":{"foreach":"@outputs('List_Emails_related_to_the_case')?['body/value']","actions":{"Reset_EmailAttachmentFileName":{"runAfter":{},"type":"SetVariable","inputs":{"name":"EmailAttachmentFileList","value":[]}},"List_Attachments_for_the_email":{"runAfter":{"Reset_EmailAttachmentFileName":["Succeeded"]},"type":"OpenApiConnection","inputs":{"host":{"apiId":"/providers/Microsoft.PowerApps/apis/shared_commondataserviceforapps","connectionName":"shared_commondataserviceforapps_1","operationId":"ListRecords"},"parameters":{"entityName":"activitymimeattachments","$filter":"_objectid_value eq '@{items('Apply_to_each_email')?['activityid']}'"},"authentication":"@parameters('$authentication')"}},"Create_item_for_email":{"runAfter":{"Html_to_text_for_email_body":["Succeeded"]},"type":"OpenApiConnection","inputs":{"host":{"apiId":"/providers/Microsoft.PowerApps/apis/shared_sharepointonline","connectionName":"shared_sharepointonline_1","operationId":"PostItem"},"parameters":{"dataset":"https://woongdev.sharepoint.com/sites/DEVCaseActivityExport","table":"7fbf6625-5fb3-48e2-8c51-deeed646bd51","item/Title":"@guid()  ","item/activityid":"@items('Apply_to_each_email')?['activityid']","item/CaseTitle":"@outputs('Get_Case_Details')?['body/title']","item/CaseNumber":"@outputs('Get_Case_Details')?['body/ticketnumber']","item/ActivityType":"@items('Apply_to_each_email')?['activitytypecode']","item/Description":"@outputs('Html_to_text_for_email_body')?['body']","item/AttachmentFileName":"@join(variables('EmailAttachmentFileList'), ', ')","item/CreatedDate":"@items('Apply_to_each_email')?['createdon']"},"authentication":{"value":"@json(decodeBase64(triggerOutputs().headers['X-MS-APIM-Tokens']))['$ConnectionKey']","type":"Raw"}}},"Apply_to_each_attachment":{"foreach":"@outputs('List_Attachments_for_the_email')?['body/value']","actions":{"Append_to_array_variable_EmailAttachmentFileList":{"runAfter":{},"type":"AppendToArrayVariable","inputs":{"name":"EmailAttachmentFileList","value":"@items('Apply_to_each_attachment')?['filename']"}},"Create_file_for_email":{"runAfter":{"Append_to_array_variable_EmailAttachmentFileList":["Succeeded"]},"type":"OpenApiConnection","inputs":{"host":{"apiId":"/providers/Microsoft.PowerApps/apis/shared_sharepointonline","connectionName":"shared_sharepointonline_1","operationId":"CreateFile"},"parameters":{"dataset":"https://woongdev.sharepoint.com/sites/DEVCaseActivityExport","folderPath":"/ExportedFiles/@{variables('incidentid')}","name":"@items('Apply_to_each_attachment')?['filename']","body":"@base64ToBinary(items('Apply_to_each_attachment')?['body'])"},"authentication":{"value":"@json(decodeBase64(triggerOutputs().headers['X-MS-APIM-Tokens']))['$ConnectionKey']","type":"Raw"}},"runtimeConfiguration":{"contentTransfer":{"transferMode":"Chunked"}}}},"runAfter":{"List_Attachments_for_the_email":["Succeeded"]},"type":"Foreach"},"Html_to_text_for_email_body":{"runAfter":{"Apply_to_each_attachment":["Succeeded"]},"type":"OpenApiConnection","inputs":{"host":{"apiId":"/providers/Microsoft.PowerApps/apis/shared_conversionservice","connectionName":"shared_conversionservice","operationId":"HtmlToText"},"parameters":{"Content":"@items('Apply_to_each_email')?['description']"},"authentication":{"value":"@json(decodeBase64(triggerOutputs().headers['X-MS-APIM-Tokens']))['$ConnectionKey']","type":"Raw"}}}},"runAfter":{"List_Emails_related_to_the_case":["Succeeded"]},"type":"Foreach"}},"runAfter":{"Related_Note":["Succeeded"]},"type":"Scope"}},"outputs":{}},"connectionReferences":{"shared_commondataservice_1":{"connectionName":"shared-commondataser-4ccacc13-1041-4e48-bf44-6444-643bb9be","source":"Invoker","id":"/providers/Microsoft.PowerApps/apis/shared_commondataservice","tier":"NotSpecified"},"shared_commondataserviceforapps_1":{"connectionName":"shared-commondataser-0d1ccc54-0fae-4e7e-91f9-0ec3-53e63894","source":"Embedded","id":"/providers/Microsoft.PowerApps/apis/shared_commondataserviceforapps","tier":"NotSpecified"},"shared_sharepointonline_1":{"connectionName":"shared-sharepointonl-7a829cb7-a601-4008-9ea5-4370-8c48f33e","source":"Invoker","id":"/providers/Microsoft.PowerApps/apis/shared_sharepointonline","tier":"NotSpecified"},"shared_conversionservice":{"connectionName":"shared-conversionser-70e4b379-63fd-4cee-9dc4-59f8-65a24224","source":"Invoker","id":"/providers/Microsoft.PowerApps/apis/shared_conversionservice","tier":"NotSpecified"}},"flowFailureAlertSubscribed":false}}